condition,sum_diff,mean_diff,count
condition_80cue,-935.2118260009071,-42.50962845458668,22
condition_65cue,-501.84690006893925,-27.88038333716329,18
